{"cameraMode":{"drawMode":0,"name":"Shaded","section":"Shading Mode"},"sceneLighting":false,"audioPlay":false,"sceneViewState":{"m_AlwaysRefresh":false,"showFog":true,"showSkybox":false,"showFlares":true,"showImageEffects":true,"showParticleSystems":true,"showVisualEffectGraphs":true,"m_FxEnabled":true},"in2DMode":false,"pivot":{"x":-0.013589543290436268,"y":-0.045361801981925967,"z":0.003989219665527344},"rotation":{"x":-0.035681817680597308,"y":-0.0000058696596170193519,"z":-4.724568896108394e-7,"w":0.9993510246276856},"size":1.1559158563613892,"orthographic":false}